{"BgmVOL":0.719684362411499,"PropVOL":0.26179397106170657,"ActionVOL":0.3571428656578064}